,identificador,codRegion,Region,codigo_area,area,num_electores,lista_nominal,Boletas_verificadas,participacion,total_votos,Vot_validos,v_REMAIN,v_LEAVE,v_nulos,v_error,Vx2opciones,otros_errores,en_blanco,Remain,Leave
114,28,E12000007,London,E09000028,Southwark,195875,129688,129680,66.2,129677.0,129502,94293,35209,175,0,60,5,110,72.81,27.19
44,260,E12000006,East,E07000241,Welwyn Hatfield,78146,58649,58641,75.04,58641.0,58610,27550,31060,31,0,10,0,21,47.01,52.99
52,196,E12000004,East Midlands,E07000033,Bolsover,58063,41999,42000,72.33,41999.0,41972,12242,29730,27,0,5,1,21,29.17,70.83
267,371,E12000008,South East,E07000226,Crawley,73575,53884,53883,73.24,53884.0,53835,22388,31447,49,0,19,9,21,41.59,58.41
97,11,E12000007,London,E09000011,Greenwich,168967,117470,117472,69.52,117470.0,117365,65248,52117,105,0,35,1,69,55.59,44.41
368,315,E12000003,Yorkshire and The Humber,E07000165,Harrogate,119987,94669,94665,78.89,94653.0,94585,48211,46374,68,2,25,3,38,50.97,49.03
350,377,E12000005,West Midlands,E07000236,Redditch,61038,45914,45913,75.22,45912.0,45882,17303,28579,30,0,7,0,23,37.71,62.29
232,247,E12000008,South East,E07000091,New Forest,141061,111786,111786,79.25,111786.0,111740,47199,64541,46,0,8,2,36,42.24,57.76
340,342,E12000005,West Midlands,E07000197,Stafford,99612,77524,77527,77.83,77527.0,77484,34098,43386,43,0,11,3,29,44.01,55.99
7,185,E12000006,East,E07000009,East Cambridgeshire,62435,48129,48120,77.08,48124.0,48086,23599,24487,38,0,18,0,20,49.08,50.92
304,333,E12000009,South West,E07000188,Sedgemoor,89714,68451,68448,76.3,68450.0,68414,26545,41869,36,1,13,1,21,38.8,61.2
9,187,E12000006,East,E07000011,Huntingdonshire,128486,99996,99990,77.82,99990.0,99927,45729,54198,63,0,31,0,32,45.76,54.24
245,270,E12000008,South East,E07000114,Thanet,99108,72149,72146,72.8,72146.0,72102,26065,46037,44,0,14,1,29,36.15,63.85
19,230,E12000006,East,E07000074,Maldon,49073,38851,38850,79.17,38850.0,38831,14529,24302,19,1,9,1,8,37.42,62.58
29,299,E12000006,East,E07000143,Breckland,98989,73593,73593,74.34,73593.0,73548,26313,47235,45,0,10,0,35,35.78,64.22
363,85,E12000003,Yorkshire and The Humber,E06000012,North East Lincolnshire,116302,79016,79013,67.94,79011.0,78982,23797,55185,29,1,4,1,23,30.13,69.87
243,268,E12000008,South East,E07000112,Shepway,80879,60659,60659,75.0,60659.0,60613,22884,37729,46,0,13,2,31,37.75,62.25
184,169,S92000003,Scotland,S12000021,North Ayrshire,104572,67548,67548,64.59,67548.0,67504,38394,29110,44,0,16,0,28,56.88,43.12
66,292,E12000004,East Midlands,E07000136,Boston,39363,30417,30417,77.27,30416.0,30404,7430,22974,12,0,1,1,10,24.44,75.56
127,54,E12000001,North East,E08000021,Newcastle upon Tyne,190735,129072,129072,67.67,129072.0,129003,65405,63598,69,0,20,5,44,50.7,49.3
143,194,E12000002,North West,E07000031,South Lakeland,81948,65375,65375,79.78,65375.0,65331,34531,30800,44,0,12,2,30,52.86,47.14
314,131,W92000004,Wales,W06000006,Wrexham,98384,70409,70407,71.56,70407.0,70366,28822,41544,41,0,17,0,24,40.96,59.04
365,87,E12000003,Yorkshire and The Humber,E06000014,York,155157,109695,109691,70.69,109681.0,109600,63617,45983,81,0,20,5,56,58.04,41.96
75,308,E12000004,East Midlands,E07000152,East Northamptonshire,68334,52619,52614,76.99,52607.0,52574,21680,30894,33,0,6,2,25,41.24,58.76
332,93,E12000005,West Midlands,E06000020,Telford and Wrekin,124338,89707,89704,72.15,89704.0,89603,32954,56649,101,0,11,0,90,36.78,63.22
96,10,E12000007,London,E09000010,Enfield,198387,137054,137056,69.09,137056.0,136906,76425,60481,150,0,69,1,80,55.82,44.18
168,46,E12000002,North West,E08000013,St. Helens,136096,93730,93721,68.86,93721.0,93679,39322,54357,42,0,13,3,26,41.98,58.02
346,366,E12000005,West Midlands,E07000221,Stratford-on-Avon,98014,79223,79217,80.82,79217.0,79158,38341,40817,59,0,9,0,50,48.44,51.56
3,113,E12000006,East,E06000034,Thurrock,109897,79969,79954,72.75,79950.0,79916,22151,57765,34,0,8,3,23,27.72,72.28
307,336,E12000009,South West,E07000191,West Somerset,27478,21755,21752,79.17,21753.0,21734,8566,13168,19,1,10,0,8,39.41,60.59
274,99,E12000009,South West,E06000025,South Gloucestershire,207793,158444,158424,76.24,158427.0,158333,74928,83405,94,0,28,4,62,47.32,52.68
320,138,W92000004,Wales,W06000013,Bridgend,104492,74379,74380,71.18,74378.0,74345,33723,40622,33,0,12,1,20,45.36,54.64
46,257,E12000006,East,E07000243,Stevenage,62156,45811,45811,73.7,45811.0,45785,18659,27126,26,0,12,2,12,40.75,59.25
34,304,E12000006,East,E07000148,Norwich,96091,66420,66423,69.12,66422.0,66366,37326,29040,56,0,17,1,38,56.24,43.76
216,180,E12000008,South East,E07000004,Aylesbury Vale,136235,106908,106895,78.46,106895.0,106833,52877,53956,62,0,25,2,35,49.5,50.5
198,178,S92000003,Scotland,S12000040,West Lothian,130925,88556,88556,67.64,88556.0,88508,51560,36948,48,0,22,2,24,58.25,41.75
210,120,E12000008,South East,E06000041,Wokingham,121891,97559,97551,80.03,97551.0,97501,55272,42229,50,0,23,2,25,56.69,43.31
179,163,S92000003,Scotland,S12000015,Fife,272995,182307,182307,66.78,182307.0,182220,106754,75466,87,2,29,4,52,58.59,41.41
226,241,E12000008,South East,E07000085,East Hampshire,90588,73971,73971,81.65,73967.0,73922,37346,36576,45,0,12,1,32,50.52,49.48
125,75,E12000001,North East,E06000047,County Durham,389507,267577,267546,68.69,267546.0,267398,113521,153877,148,3,35,1,109,42.45,57.55
327,145,W92000004,Wales,W06000021,Monmouthshire,71607,55670,55670,77.74,55670.0,55630,28061,27569,40,19,0,0,21,50.44,49.56
347,367,E12000005,West Midlands,E07000222,Warwick,103099,81695,81695,79.22,81680.0,81618,47976,33642,62,0,33,0,29,58.78,41.22
142,193,E12000002,North West,E07000030,Eden,41872,31746,31746,75.82,31746.0,31718,14807,16911,28,0,12,1,15,46.68,53.32
240,265,E12000008,South East,E07000109,Gravesham,72808,54554,54553,74.93,54553.0,54519,18876,35643,34,0,6,0,28,34.62,65.38
251,330,E12000008,South East,E07000180,Vale of White Horse,94487,76706,76706,81.18,76706.0,76654,43462,33192,52,0,13,0,39,56.7,43.3
11,222,E12000006,East,E07000066,Basildon,132771,98087,98071,73.86,98062.0,97999,30748,67251,63,3,26,2,32,31.38,68.62
295,215,E12000009,South West,E07000052,West Dorset,82071,65237,65237,79.49,65237.0,65191,31924,33267,46,0,14,1,31,48.97,51.03
128,55,E12000001,North East,E08000022,North Tyneside,156993,113527,113507,72.3,113507.0,113462,52873,60589,45,0,17,3,25,46.6,53.4
283,203,E12000009,South West,E07000040,East Devon,112527,88831,88831,78.94,88831.0,88783,40743,48040,48,0,23,0,25,45.89,54.11
164,42,E12000002,North West,E08000009,Trafford,165294,125400,125400,75.86,125400.0,125311,72293,53018,89,0,23,5,61,57.69,42.31
264,368,E12000008,South East,E07000223,Adur,48755,37253,37251,76.4,37251.0,37229,16914,20315,22,0,8,0,14,45.43,54.57
315,133,W92000004,Wales,W06000008,Ceredigion,53400,39775,39772,74.48,39772.0,39742,21711,18031,30,0,8,1,21,54.63,45.37
298,235,E12000009,South West,E07000079,Cotswold,68734,54847,54847,79.8,54847.0,54821,28015,26806,26,0,10,2,14,51.1,48.9
362,84,E12000003,Yorkshire and The Humber,E06000011,East Riding of Yorkshire,266047,199056,199039,74.81,199036.0,198915,78779,120136,121,0,36,3,82,39.6,60.4
292,212,E12000009,South West,E07000049,East Dorset,71966,58530,58530,81.33,58530.0,58488,24786,33702,42,0,12,2,28,42.38,57.62
353,380,E12000005,West Midlands,E07000239,Wyre Forest,77878,57668,57666,74.05,57666.0,57632,21240,36392,34,0,6,0,28,36.85,63.15
120,70,E12000001,North East,E06000001,Hartlepool,70341,46137,46134,65.59,46134.0,46100,14029,32071,34,0,12,6,16,30.43,69.57
361,83,E12000003,Yorkshire and The Humber,E06000010,"""Kingston upon Hull",#NULL!,180230,113439,113439.0,62.94,113436,113355,36709,76646,81,0,23,4,54.0,32.38
14,225,E12000006,East,E07000069,Castle Point,68860,51909,51909,75.38,51909.0,51845,14154,37691,64,0,15,1,48,27.3,72.7
95,9,E12000007,London,E09000009,Ealing,212991,149267,149267,70.08,149268.0,149041,90024,59017,227,0,115,3,109,60.4,39.6
330,141,W92000004,Wales,W06000024,Merthyr Tydfil,42855,28881,28881,67.39,28881.0,28865,12574,16291,16,0,7,1,8,43.56,56.44
163,41,E12000002,North West,E08000008,Tameside,168047,111018,111016,66.06,111016.0,110947,43118,67829,69,0,14,5,50,38.86,61.14
328,146,W92000004,Wales,W06000022,Newport,104977,73708,73708,70.21,73708.0,73649,32413,41236,59,3,29,2,25,44.01,55.99
312,129,W92000004,Wales,W06000004,Denbighshire,75362,52108,52108,69.14,52108.0,52072,23955,28117,36,1,10,0,25,46.0,54.0
175,159,S92000003,Scotland,S12000010,East Lothian,77788,55822,55800,71.73,55800.0,55764,36026,19738,36,0,12,0,24,64.6,35.4
117,31,E12000007,London,E09000031,Waltham Forest,162983,108695,108689,66.69,108689.0,108551,64156,44395,138,4,44,9,81,59.1,40.9
39,348,E12000006,East,E07000203,Mid Suffolk,78325,61231,61231,78.16,61222.0,61185,27391,33794,37,0,4,0,33,44.77,55.23
57,201,E12000004,East Midlands,E07000038,North East Derbyshire,78855,59341,59341,75.25,59341.0,59310,22075,37235,31,0,13,2,16,37.22,62.78
109,23,E12000007,London,E09000023,Lewisham,197514,124634,124622,63.1,124637.0,124473,86955,37518,164,0,61,1,102,69.86,30.14
147,276,E12000002,North West,E07000120,Hyndburn,62042,40173,40168,64.74,40168.0,40137,13569,26568,31,0,13,3,15,33.81,66.19
43,256,E12000006,East,E07000240,St Albans,104859,86519,86516,82.51,86524.0,86445,54208,32237,79,0,31,0,48,62.71,37.29
309,126,W92000004,Wales,W06000001,Isle of Anglesey,51445,37980,37981,73.82,37978.0,37951,18618,19333,27,0,11,0,16,49.06,50.94
158,36,E12000002,North West,E08000003,Manchester,338064,202073,202067,59.77,202067.0,201814,121823,79991,253,0,78,0,175,60.36,39.64
253,352,E12000008,South East,E07000207,Elmbridge,98613,77069,77063,78.14,77058.0,77003,45841,31162,55,0,16,3,36,59.53,40.47
261,360,E12000008,South East,E07000215,Tandridge,64044,51468,51466,80.36,51466.0,51420,24251,27169,46,0,16,0,30,47.16,52.84
105,19,E12000007,London,E09000019,Islington,144514,101739,101726,70.39,101723.0,101600,76420,25180,123,0,47,2,74,75.22,24.78
287,207,E12000009,South West,E07000044,South Hams,69121,55488,55486,80.27,55485.0,55450,29308,26142,35,0,15,0,20,52.85,47.15
237,262,E12000008,South East,E07000106,Canterbury,109399,82105,82105,75.05,82105.0,82048,40169,41879,57,0,21,1,35,48.96,51.04
290,210,E12000009,South West,E07000047,West Devon,43823,35613,35613,81.26,35612.0,35595,16658,18937,17,0,5,1,11,46.8,53.2
51,195,E12000004,East Midlands,E07000032,Amber Valley,96760,73870,73868,76.34,73864.0,73820,29319,44501,44,0,7,1,36,39.72,60.28
279,106,E12000009,South West,E06000030,Swindon,148960,113064,113060,75.9,113060.0,112965,51220,61745,95,0,33,5,57,45.34,54.66
16,227,E12000006,East,E07000071,Colchester,127520,95805,95802,75.11,95782.0,95719,44414,51305,63,2,17,5,39,46.4,53.6
262,361,E12000008,South East,E07000216,Waverley,92291,75999,75999,82.35,75999.0,75942,44341,31601,57,0,19,1,37,58.39,41.61
371,318,E12000003,Yorkshire and The Humber,E07000168,Scarborough,82900,60540,60539,73.03,60539.0,60511,22999,37512,28,0,6,0,22,38.01,61.99
103,17,E12000007,London,E09000017,Hillingdon,193033,133171,133171,68.99,133170.0,133022,58040,74982,148,0,55,16,77,43.63,56.37
248,327,E12000008,South East,E07000177,Cherwell,108342,81909,81912,75.6,81908.0,81836,40668,41168,72,0,29,1,42,49.69,50.31
107,21,E12000007,London,E09000021,Kingston upon Thames,108838,85334,85335,78.4,85330.0,85270,52533,32737,60,0,16,3,41,61.61,38.39
177,179,S92000003,Scotland,S12000013,Eilean Siar,21259,14919,14919,70.18,14919.0,14903,8232,6671,16,0,3,0,13,55.24,44.76
76,309,E12000004,East Midlands,E07000153,Kettering,70570,53946,53941,76.43,53940.0,53907,21030,32877,33,1,12,0,20,39.01,60.99
301,238,E12000009,South West,E07000082,Stroud,92631,74129,74128,80.03,74128.0,74064,40446,33618,64,0,20,5,39,54.61,45.39
193,149,S92000003,Scotland,S12000034,Aberdeenshire,196809,139014,139014,70.63,139014.0,138961,76445,62516,53,0,19,1,33,55.01,44.99
322,147,W92000004,Wales,W06000015,Cardiff,243689,169762,169753,69.66,169745.0,169604,101788,67816,141,0,56,3,82,60.02,39.98
180,165,S92000003,Scotland,S12000017,Highland,175563,125728,125728,71.61,125728.0,125657,70308,55349,71,0,27,2,42,55.95,44.05
27,258,E12000006,East,E07000102,Three Rivers,67380,52900,52898,78.5,52896.0,52848,25751,27097,48,4,15,4,25,48.73,51.27
149,278,E12000002,North West,E07000122,Pendle,64534,45389,45388,70.33,45388.0,45335,16704,28631,53,0,15,7,31,36.85,63.15
50,91,E12000004,East Midlands,E06000018,Nottingham,195394,120792,120792,61.82,120791.0,120661,59318,61343,130,0,47,4,79,49.16,50.84
17,228,E12000006,East,E07000072,Epping Forest,100016,76905,76900,76.89,76900.0,76852,28676,48176,48,0,21,2,25,37.31,62.69
255,354,E12000008,South East,E07000209,Guildford,102209,78672,78671,76.96,78657.0,78613,44155,34458,44,0,19,6,19,56.17,43.83
33,303,E12000006,East,E07000147,North Norfolk,83065,63841,63838,76.84,63829.0,63790,26214,37576,39,0,4,2,33,41.09,58.91
352,379,E12000005,West Midlands,E07000238,Wychavon,94497,76428,76425,80.88,76425.0,76389,32188,44201,36,0,15,0,21,42.14,57.86
176,160,S92000003,Scotland,S12000011,East Renfrewshire,69575,52970,52969,76.13,52969.0,52941,39345,13596,28,0,7,0,21,74.32,25.68
160,38,E12000002,North West,E08000005,Rochdale,156621,103319,103319,65.97,103319.0,103231,41217,62014,88,0,48,2,38,39.93,60.07
373,49,E12000003,Yorkshire and The Humber,E08000016,Barnsley,175809,122982,122972,69.95,122972.0,122909,38951,83958,63,0,17,1,45,31.69,68.31
339,341,E12000005,West Midlands,E07000196,South Staffordshire,85777,66741,66741,77.81,66739.0,66692,23444,43248,47,0,6,2,39,35.15,64.85
360,64,E12000005,West Midlands,E08000031,Wolverhampton,174760,118038,118037,67.54,118037.0,117936,44138,73798,101,0,45,7,49,37.43,62.57
144,273,E12000002,North West,E07000117,Burnley,64461,43354,43350,67.25,43350.0,43316,14462,28854,34,0,11,0,23,33.39,66.61
61,287,E12000004,East Midlands,E07000131,Harborough,67420,54922,54918,81.44,54910.0,54878,27028,27850,32,0,1,2,29,49.25,50.75
303,332,E12000009,South West,E07000187,Mendip,85068,65529,65509,77.01,65509.0,65455,33427,32028,54,0,16,5,33,51.07,48.93
294,214,E12000009,South West,E07000051,Purbeck,36418,28736,28736,78.91,28736.0,28720,11754,16966,16,0,6,0,10,40.93,59.07
151,280,E12000002,North West,E07000124,Ribble Valley,46148,36473,36466,79.02,36466.0,36442,15892,20550,24,3,6,1,14,43.61,56.39
369,316,E12000003,Yorkshire and The Humber,E07000166,Richmondshire,36794,27652,27652,75.15,27652.0,27636,11945,15691,16,0,6,0,10,43.22,56.78
116,30,E12000007,London,E09000030,Tower Hamlets,167820,108421,108403,64.6,108420.0,108235,73011,35224,185,0,105,6,74,67.46,32.54
220,217,E12000008,South East,E07000061,Eastbourne,71726,53600,53598,74.73,53598.0,53545,22845,30700,53,2,15,5,31,42.67,57.33
333,95,E12000005,West Midlands,E06000021,Stoke-on-Trent,179010,117691,117680,65.74,117674.0,117590,36027,81563,84,0,19,6,59,30.64,69.36
297,234,E12000009,South West,E07000078,Cheltenham,87060,66060,66059,75.88,66057.0,66013,37081,28932,44,0,18,2,24,56.17,43.83
247,272,E12000008,South East,E07000116,Tunbridge Wells,82181,65051,65047,79.14,65039.0,64996,35676,29320,43,0,13,2,28,54.89,45.11
244,269,E12000008,South East,E07000113,Swale,102209,75913,75913,74.27,75913.0,75869,28481,47388,44,0,16,0,28,37.54,62.46
22,233,E12000006,East,E07000077,Uttlesford,64735,51973,51972,80.28,51972.0,51943,25619,26324,29,0,5,0,24,49.32,50.68
257,356,E12000008,South East,E07000211,Reigate and Banstead,103731,81200,81200,78.28,81200.0,81161,40181,40980,39,1,9,1,28,49.51,50.49
197,154,S92000003,Scotland,S12000039,West Dunbartonshire,67595,43250,43245,63.98,43245.0,43220,26794,16426,25,0,9,0,16,61.99,38.01
121,71,E12000001,North East,E06000002,Middlesbrough,94612,61395,61393,64.89,61393.0,61358,21181,40177,35,0,16,1,18,34.52,65.48
72,298,E12000004,East Midlands,E07000142,West Lindsey,73499,54785,54781,74.53,54781.0,54753,20906,33847,28,0,7,4,17,38.18,61.82
85,325,E12000004,East Midlands,E07000175,Newark and Sherwood,87338,67133,67128,76.86,67128.0,67087,26571,40516,41,0,14,2,25,39.61,60.39
104,18,E12000007,London,E09000018,Hounslow,165050,115211,115209,69.8,115208.0,115076,58755,56321,132,0,39,6,87,51.06,48.94
38,347,E12000006,East,E07000202,Ipswich,91574,66405,66405,72.51,66400.0,66353,27698,38655,47,0,1,7,39,41.74,58.26
305,334,E12000009,South West,E07000189,South Somerset,126495,99535,99535,78.69,99535.0,99467,42527,56940,68,0,22,0,46,42.75,57.25
74,307,E12000004,East Midlands,E07000151,Daventry,61004,49421,49420,81.01,49420.0,49381,20443,28938,39,0,10,2,27,41.4,58.6
229,244,E12000008,South East,E07000088,Gosport,62781,46150,46150,73.51,46150.0,46127,16671,29456,23,0,10,3,10,36.14,63.86
209,119,E12000008,South East,E06000040,Windsor and Maidenhead,102665,81866,81865,79.73,81855.0,81792,44086,37706,63,0,14,2,47,53.9,46.1
230,245,E12000008,South East,E07000089,Hart,69946,57836,57822,82.67,57827.0,57795,30282,27513,32,0,9,0,23,52.4,47.6
367,314,E12000003,Yorkshire and The Humber,E07000164,Hambleton,70133,55016,55016,78.45,55016.0,54982,25480,29502,34,0,18,1,15,46.34,53.66
201,170,S92000003,Scotland,S12000044,North Lanarkshire,254567,155045,155045,60.91,155045.0,154949,95549,59400,96,2,19,2,73,61.66,38.34
300,237,E12000009,South West,E07000081,Gloucester,89661,64605,64608,72.06,64606.0,64577,26801,37776,29,0,14,1,14,41.5,58.5
199,150,S92000003,Scotland,S12000041,Angus,87137,59295,59282,68.03,59282.0,59258,32747,26511,24,0,9,1,14,55.26,44.74
30,300,E12000006,East,E07000144,Broadland,99254,77785,77783,78.37,77781.0,77737,35469,42268,44,0,0,0,44,45.63,54.37
217,181,E12000008,South East,E07000005,Chiltern,70185,58655,58651,83.57,58651.0,58604,32241,26363,47,0,15,0,32,55.02,44.98
84,324,E12000004,East Midlands,E07000174,Mansfield,77624,56371,56369,72.62,56370.0,56344,16417,39927,26,0,8,0,18,29.14,70.86
235,250,E12000008,South East,E07000094,Winchester,89595,72801,72801,81.26,72801.0,72764,42878,29886,37,0,12,2,23,58.93,41.07
18,229,E12000006,East,E07000073,Harlow,59124,43493,43489,73.56,43489.0,43469,13867,29602,20,0,1,0,19,31.9,68.1
356,60,E12000005,West Midlands,E08000027,Dudley,244516,175351,175333,71.71,175333.0,175226,56780,118446,107,0,41,2,64,32.4,67.6
311,128,W92000004,Wales,W06000003,Conwy,91368,65558,65558,71.75,65554.0,65504,30147,35357,50,0,19,0,31,46.02,53.98
196,173,S92000003,Scotland,S12000038,Renfrewshire,127294,88203,88197,69.29,88197.0,88129,57119,31010,68,0,17,5,46,64.81,35.19
241,266,E12000008,South East,E07000110,Maidstone,117298,89177,89173,76.02,89173.0,89127,36762,52365,46,3,8,1,34,41.25,58.75
212,122,E12000008,South East,E06000043,Brighton and Hove,198293,146846,146840,74.05,146829.0,146675,100648,46027,154,0,49,6,99,68.62,31.38
91,5,E12000007,London,E09000005,Brent,186793,121676,121678,65.14,121671.0,121404,72523,48881,267,0,157,0,110,59.74,40.26
110,24,E12000007,London,E09000024,Merton,136352,100215,100207,73.49,100207.0,100100,63003,37097,107,0,45,0,62,62.94,37.06
355,59,E12000005,West Midlands,E08000026,Coventry,221389,153241,153234,69.21,153234.0,153064,67967,85097,170,0,85,0,85,44.4,55.6
263,362,E12000008,South East,E07000217,Woking,71313,55261,55261,77.49,55261.0,55221,31007,24214,40,0,18,1,21,56.15,43.85
137,80,E12000002,North West,E06000050,Cheshire West and Chester,259878,193640,193633,74.51,193633.0,193537,95455,98082,96,0,27,11,58,49.32,50.68
53,197,E12000004,East Midlands,E07000034,Chesterfield,79905,57472,57470,71.92,57470.0,57424,22946,34478,46,0,16,2,28,39.96,60.04
211,121,E12000008,South East,E06000042,Milton Keynes,177211,130535,130536,73.66,130534.0,130456,63393,67063,78,0,32,1,45,48.59,51.41
185,171,S92000003,Scotland,S12000023,Orkney Islands,16658,11402,11402,68.45,11402.0,11382,7189,4193,20,0,8,0,12,63.16,36.84
336,338,E12000005,West Midlands,E07000193,East Staffordshire,83558,62164,62160,74.39,62161.0,62116,22850,39266,45,0,9,1,35,36.79,63.21
204,114,E12000008,South East,E06000035,Medway,192524,138975,138975,72.18,138973.0,138886,49889,88997,87,0,27,9,51,35.92,64.08
296,216,E12000009,South West,E07000053,Weymouth and Portland,50442,38273,38271,75.87,38271.0,38255,14903,23352,16,0,6,0,10,38.96,61.04
77,310,E12000004,East Midlands,E07000154,Northampton,144948,105352,105350,72.68,105354.0,105259,43805,61454,95,0,35,7,53,41.62,58.38
273,98,E12000009,South West,E06000024,North Somerset,160860,124637,124622,77.47,124622.0,124548,59572,64976,74,0,33,0,41,47.83,52.17
272,97,E12000009,South West,E06000023,"""Bristol",#NULL!,312465,228704,228678.0,73.17,228646,228445,141027,87418,201,0,63,6,132.0,61.73
15,226,E12000006,East,E07000070,Chelmsford,129971,100867,100866,77.6,100852.0,100794,47545,53249,58,0,23,2,33,47.17,52.83
357,61,E12000005,West Midlands,E08000028,Sandwell,221429,147428,147418,66.58,147418.0,147254,49004,98250,164,0,90,2,72,33.28,66.72
205,115,E12000008,South East,E06000036,Bracknell Forest,85298,64928,64922,76.11,64922.0,64890,29888,35002,32,0,10,0,22,46.06,53.94
354,58,E12000005,West Midlands,E08000025,Birmingham,707293,451422,451336,63.81,451316.0,450702,223451,227251,614,0,311,17,286,49.58,50.42
24,252,E12000006,East,E07000096,Dacorum,108965,86313,86308,79.21,86307.0,86244,42542,43702,63,4,24,0,35,49.33,50.67
345,365,E12000005,West Midlands,E07000220,Rugby,74137,58599,58593,79.03,58593.0,58549,25350,33199,44,0,13,2,29,43.3,56.7
119,33,E12000007,London,E09000033,Westminster,120524,78325,78325,64.99,78325.0,78196,53928,24268,129,0,47,1,81,68.97,31.03
258,357,E12000008,South East,E07000212,Runnymede,58272,44328,44326,76.07,44326.0,44294,20259,24035,32,0,10,2,20,45.74,54.26
182,167,S92000003,Scotland,S12000019,Midlothian,66758,45505,45497,68.15,45497.0,45468,28217,17251,29,0,8,0,21,62.06,37.94
338,340,E12000005,West Midlands,E07000195,Newcastle-under-Lyme,92816,68966,68966,74.3,68966.0,68934,25477,43457,32,0,13,0,19,36.96,63.04
219,183,E12000008,South East,E07000007,Wycombe,125260,94869,94869,75.74,94869.0,94790,49261,45529,79,0,26,1,52,51.97,48.03
56,200,E12000004,East Midlands,E07000037,High Peak,72487,54864,54864,75.69,54864.0,54833,27116,27717,31,0,10,3,18,49.45,50.55
28,259,E12000006,East,E07000103,Watford,65060,46635,46635,71.68,46635.0,46586,23167,23419,49,0,23,4,22,49.73,50.27
170,48,E12000002,North West,E08000015,Wirral,242568,172137,172137,70.96,172137.0,172000,88931,83069,137,0,31,4,102,51.7,48.3
112,26,E12000007,London,E09000026,Redbridge,189843,128439,128423,67.63,128397.0,128233,69213,59020,164,0,78,3,83,53.97,46.03
291,211,E12000009,South West,E07000048,Christchurch,39176,31071,31066,79.3,31066.0,31050,12782,18268,16,0,6,2,8,41.17,58.83
316,134,W92000004,Wales,W06000009,Pembrokeshire,92155,68556,68555,74.39,68555.0,68522,29367,39155,33,0,15,0,18,42.86,57.14
348,375,E12000005,West Midlands,E07000234,Bromsgrove,74170,58855,58855,79.35,58855.0,58815,26252,32563,40,0,11,2,27,44.63,55.37
82,322,E12000004,East Midlands,E07000172,Broxtowe,83593,65468,65468,78.32,65468.0,65426,29672,35754,42,0,8,1,33,45.35,54.65
334,94,E12000005,West Midlands,E06000051,Shropshire,236788,183328,183324,77.42,183323.0,183153,78987,104166,170,0,42,0,128,43.13,56.87
169,47,E12000002,North West,E08000014,Sefton,206298,147970,147970,71.73,147970.0,147878,76702,71176,92,0,26,0,66,51.87,48.13
181,166,S92000003,Scotland,S12000018,Inverclyde,58624,38722,38722,66.05,38722.0,38698,24688,14010,24,0,6,0,18,63.8,36.2
148,277,E12000002,North West,E07000121,Lancaster,100567,73102,73098,72.69,73098.0,73041,35732,37309,57,0,12,2,43,48.92,51.08
64,290,E12000004,East Midlands,E07000134,North West Leicestershire,73944,57655,57655,77.95,57638.0,57611,22642,34969,27,0,6,0,21,39.3,60.7
349,376,E12000005,West Midlands,E07000235,Malvern Hills,60217,48538,48538,80.61,48538.0,48497,23203,25294,41,0,10,0,31,47.84,52.16
68,294,E12000004,East Midlands,E07000138,Lincoln,63351,43928,43928,69.34,43928.0,43894,18902,24992,34,0,17,0,17,43.06,56.94
222,219,E12000008,South East,E07000063,Lewes,76428,59528,59531,77.89,59531.0,59482,30974,28508,49,0,20,0,29,52.07,47.93
13,224,E12000006,East,E07000068,Brentwood,58777,46726,46724,79.5,46725.0,46704,19077,27627,21,0,3,1,17,40.85,59.15
259,358,E12000008,South East,E07000213,Spelthorne,72674,56635,56639,77.93,56638.0,56609,22474,34135,29,0,13,2,14,39.7,60.3
215,125,E12000008,South East,E06000046,Isle of Wight,109844,79431,79430,72.31,79430.0,79380,30207,49173,50,0,24,2,24,38.05,61.95
218,182,E12000008,South East,E07000006,South Bucks,52194,40755,40755,78.08,40755.0,40724,20077,20647,31,0,10,5,16,49.3,50.7
20,231,E12000006,East,E07000075,Rochford,66589,52487,52479,78.81,52479.0,52447,17510,34937,32,0,13,1,18,33.39,66.61
98,12,E12000007,London,E09000012,Hackney,163284,106422,106422,65.18,106422.0,106266,83398,22868,156,7,44,35,70,78.48,21.52
65,291,E12000004,East Midlands,E07000135,Oadby and Wigston,42684,31488,31488,73.77,31489.0,31465,14292,17173,24,0,9,0,15,45.42,54.58
124,74,E12000001,North East,E06000005,Darlington,77662,55194,55195,71.07,55195.0,55166,24172,30994,29,0,0,0,29,43.82,56.18
138,189,E12000002,North West,E07000026,Allerdale,74426,54268,54268,72.92,54268.0,54238,22429,31809,30,0,13,0,17,41.35,58.65
36,345,E12000006,East,E07000200,Babergh,70628,55274,55274,78.26,55272.0,55242,25309,29933,30,0,13,0,17,45.81,54.19
58,202,E12000004,East Midlands,E07000039,South Derbyshire,73856,56718,56718,76.8,56718.0,56695,22479,34216,23,0,5,0,18,39.65,60.35
379,67,E12000003,Yorkshire and The Humber,E08000034,Kirklees,307081,217460,217449,70.8,217428.0,217240,98485,118755,188,0,86,7,95,45.33,54.67
242,267,E12000008,South East,E07000111,Sevenoaks,87253,70399,70393,80.68,70393.0,70349,32091,38258,44,0,18,4,22,45.62,54.38
268,372,E12000008,South East,E07000227,Horsham,104270,85131,85133,81.65,85132.0,85088,43785,41303,44,2,16,5,21,51.46,48.54
275,102,E12000009,South West,E06000026,Plymouth,186989,133537,133524,71.41,133523.0,133455,53458,79997,68,1,18,1,48,40.06,59.94
4,110,E12000006,East,E06000055,Bedford,119530,86136,86136,72.06,86135.0,86066,41497,44569,69,0,26,1,42,48.22,51.78
302,239,E12000009,South West,E07000083,Tewkesbury,67831,53687,53686,79.15,53686.0,53652,25084,28568,34,0,16,2,16,46.75,53.25
223,220,E12000008,South East,E07000064,Rother,72755,57717,57715,79.33,57715.0,57669,23916,33753,46,0,16,0,30,41.47,58.53
282,107,E12000009,South West,E06000054,Wiltshire,366555,289110,289102,78.87,289102.0,288895,137258,151637,207,0,70,9,128,47.51,52.49
225,240,E12000008,South East,E07000084,Basingstoke and Deane,128677,100395,100395,78.02,100395.0,100328,48257,52071,67,0,25,2,40,48.1,51.9
90,4,E12000007,London,E09000004,Bexley,170779,128571,128570,75.28,128570.0,128489,47603,80886,81,5,35,0,41,37.05,62.95
238,263,E12000008,South East,E07000107,Dartford,73951,55884,55883,75.57,55883.0,55855,19985,35870,28,0,9,1,18,35.78,64.22
284,204,E12000009,South West,E07000041,Exeter,86417,63888,63877,73.91,63867.0,63803,35270,28533,64,0,19,3,42,55.28,44.72
325,143,W92000004,Wales,W06000019,Blaenau Gwent,51136,34812,34812,68.08,34812.0,34802,13215,21587,10,0,3,0,7,37.97,62.03
343,363,E12000005,West Midlands,E07000218,North Warwickshire,49790,37975,37975,76.27,37975.0,37954,12569,25385,21,0,9,0,12,33.12,66.88
256,355,E12000008,South East,E07000210,Mole Valley,66730,54832,54830,82.17,54829.0,54796,29088,25708,33,0,11,0,22,53.08,46.92
25,254,E12000006,East,E07000098,Hertsmere,73295,56161,56159,76.62,56159.0,56125,27593,28532,34,0,12,0,22,49.16,50.84
113,27,E12000007,London,E09000027,Richmond upon Thames,132632,108892,108888,82.09,108876.0,108806,75396,33410,70,0,26,2,42,69.29,30.71
88,2,E12000007,London,E09000002,Barking and Dagenham,115812,73943,73941,63.85,73941.0,73880,27750,46130,61,0,21,0,40,37.56,62.44
132,78,E12000002,North West,E06000006,Halton,95289,65047,65047,68.26,65047.0,65005,27678,37327,42,0,7,1,34,42.58,57.42
32,302,E12000006,East,E07000146,King's Lynn and West Norfolk,113884,85134,85128,74.75,85128.0,85080,28587,56493,48,0,13,3,32,33.6,66.4
266,370,E12000008,South East,E07000225,Chichester,91659,71411,71406,77.91,71407.0,71337,35011,36326,70,3,27,1,39,49.08,50.92
313,130,W92000004,Wales,W06000005,Flintshire,115964,86857,86854,74.9,86854.0,86797,37867,48930,57,0,22,2,33,43.63,56.37
191,177,S92000003,Scotland,S12000030,Stirling,66100,48931,48931,74.03,48931.0,48899,33112,15787,32,0,11,1,20,67.72,32.28
192,148,S92000003,Scotland,S12000033,Aberdeen City,154266,104809,104809,67.94,104809.0,104714,63985,40729,95,0,34,2,59,61.1,38.9
188,174,S92000003,Scotland,S12000027,Shetland Islands,17375,12231,12231,70.39,12231.0,12222,6907,5315,9,0,2,0,7,56.51,43.49
41,350,E12000006,East,E07000205,Suffolk Coastal,98195,79234,79231,80.68,79226.0,79184,37218,41966,42,0,15,3,24,47.0,53.0
202,158,S92000003,Scotland,S12000045,East Dunbartonshire,83031,62418,62418,75.17,62418.0,62374,44534,17840,44,0,7,0,37,71.4,28.6
133,79,E12000002,North West,E06000007,Warrington,157042,115206,115206,73.36,115205.0,115144,52657,62487,61,0,17,1,43,45.73,54.27
260,359,E12000008,South East,E07000214,Surrey Heath,65569,52330,52330,79.81,52330.0,52305,25638,26667,25,0,8,1,16,49.02,50.98
186,172,S92000003,Scotland,S12000024,Perth and Kinross,110224,81294,81294,73.75,81294.0,81255,49641,31614,39,1,14,0,24,61.09,38.91
174,157,S92000003,Scotland,S12000008,East Ayrshire,91977,57859,57859,62.91,57859.0,57833,33891,23942,26,0,8,0,18,58.6,41.4
337,339,E12000005,West Midlands,E07000194,Lichfield,80369,63324,63318,78.78,63318.0,63278,26064,37214,40,0,16,1,23,41.19,58.81
45,253,E12000006,East,E07000242,East Hertfordshire,106260,85446,85435,80.4,85433.0,85366,42372,42994,67,0,26,5,36,49.64,50.36
276,103,E12000009,South West,E06000027,Torbay,102961,75873,75868,73.69,75868.0,75824,27935,47889,44,0,18,0,26,36.84,63.16
115,29,E12000007,London,E09000029,Sutton,140288,106633,106630,76.01,106633.0,106560,49319,57241,73,0,25,7,41,46.28,53.72
207,117,E12000008,South East,E06000038,Reading,103172,74832,74825,72.53,74826.0,74767,43385,31382,59,0,32,0,27,58.03,41.97
306,335,E12000009,South West,E07000190,Taunton Deane,84164,65789,65785,78.16,65786.0,65733,30944,34789,53,0,21,1,31,47.08,52.92
69,295,E12000004,East Midlands,E07000139,North Kesteven,86468,67791,67791,78.4,67791.0,67753,25570,42183,38,0,13,1,24,37.74,62.26
154,283,E12000002,North West,E07000127,West Lancashire,85834,63921,63918,74.47,63918.0,63869,28546,35323,49,0,13,1,35,44.69,55.31
323,140,W92000004,Wales,W06000016,Rhondda Cynon Taf,172890,116645,116645,67.47,116645.0,116563,53973,62590,82,0,34,0,48,46.3,53.7
108,22,E12000007,London,E09000022,Lambeth,210800,142162,142162,67.44,142162.0,141924,111584,30340,238,0,104,0,134,78.62,21.38
139,190,E12000002,North West,E07000027,Barrow-in-Furness,53194,36104,36101,67.87,36101.0,36074,14207,21867,27,0,9,0,18,39.38,60.62
100,14,E12000007,London,E09000014,Haringey,150098,106043,106034,70.64,106032.0,105846,79991,25855,186,0,71,0,115,75.57,24.43
200,156,S92000003,Scotland,S12000042,Dundee City,105554,66418,66418,62.92,66418.0,66385,39688,26697,33,0,12,0,21,59.78,40.22
35,305,E12000006,East,E07000149,South Norfolk,102395,80418,80418,78.54,80418.0,80358,38817,41541,60,0,24,1,35,48.31,51.69
157,35,E12000002,North West,E08000002,Bury,141600,101153,101144,71.43,101144.0,101028,46354,54674,116,0,34,10,72,45.88,54.12
129,56,E12000001,North East,E08000023,South Tyneside,115893,79126,79117,68.27,79117.0,79079,30014,49065,38,0,10,1,27,37.95,62.05
288,208,E12000009,South West,E07000045,Teignbridge,103740,82383,82377,79.4,82369.0,82312,37949,44363,57,0,19,0,38,46.1,53.9
265,369,E12000008,South East,E07000224,Arun,117138,91203,91198,77.86,91199.0,91129,34193,56936,70,0,22,2,46,37.52,62.48
141,192,E12000002,North West,E07000029,Copeland,54206,37974,37975,70.06,37975.0,37947,14419,23528,28,0,9,3,16,38.0,62.0
59,285,E12000004,East Midlands,E07000129,Blaby,73832,56517,56514,76.54,56512.0,56471,22888,33583,41,0,13,2,26,40.53,59.47
67,293,E12000004,East Midlands,E07000137,East Lindsey,107009,80180,80179,74.93,80178.0,80128,23515,56613,50,2,21,0,27,29.35,70.65
171,381,N92000002,Northern Ireland,N92000002,Northern Ireland,1260955,790647,790523,62.69,790523.0,790149,440707,349442,374,18,148,1,207,55.78,44.22
269,373,E12000008,South East,E07000228,Mid Sussex,108416,87588,87588,80.79,87588.0,87528,46471,41057,60,0,40,2,18,53.09,46.91
183,168,S92000003,Scotland,S12000020,Moray,71370,48148,48139,67.45,48139.0,48106,24114,23992,33,0,16,3,14,50.13,49.87
285,205,E12000009,South West,E07000042,Mid Devon,60532,48049,48049,79.38,48049.0,48006,22400,25606,43,0,7,3,33,46.66,53.34
78,311,E12000004,East Midlands,E07000155,South Northamptonshire,71309,56666,56659,79.46,56664.0,56624,25853,30771,40,0,18,1,21,45.66,54.34
380,68,E12000003,Yorkshire and The Humber,E08000035,Leeds,543033,387730,387730,71.39,387677.0,387337,194863,192474,340,39,116,8,177,50.31,49.69
140,191,E12000002,North West,E07000028,Carlisle,80124,59723,59721,74.54,59721.0,59683,23788,35895,38,0,13,2,23,39.86,60.14
156,34,E12000002,North West,E08000001,Bolton,197109,138206,138180,70.1,138180.0,138080,57589,80491,100,2,43,2,53,41.71,58.29
136,77,E12000002,North West,E06000049,Cheshire East,285957,221229,221229,77.36,221229.0,221125,107962,113163,104,19,40,3,42,48.82,51.18
99,13,E12000007,London,E09000013,Hammersmith and Fulham,114863,80351,80350,69.95,80347.0,80242,56188,24054,105,0,32,8,65,70.02,29.98
321,139,W92000004,Wales,W06000014,Vale of Glamorgan,95011,72348,72347,76.15,72348.0,72309,36681,35628,39,0,12,0,27,50.73,49.27
118,32,E12000007,London,E09000032,Wandsworth,219521,158018,158018,71.98,158018.0,157884,118463,39421,134,0,55,0,79,75.03,24.97
153,282,E12000002,North West,E07000126,South Ribble,84573,63756,63755,75.38,63755.0,63724,26406,37318,31,0,15,2,14,41.44,58.56
101,15,E12000007,London,E09000015,Harrow,162397,117363,117361,72.26,117352.0,117225,64042,53183,127,0,50,6,71,54.63,45.37
106,20,E12000007,London,E09000020,Kensington and Chelsea,83042,54803,54801,65.99,54801.0,54739,37601,17138,62,0,14,2,46,68.69,31.31
172,153,S92000003,Scotland,S12000005,Clackmannanshire,37841,25439,25439,67.23,25439.0,25427,14691,10736,12,0,6,0,6,57.78,42.22
249,328,E12000008,South East,E07000178,Oxford,97331,70421,70411,72.34,70411.0,70337,49424,20913,74,0,29,1,44,70.27,29.73
187,152,S92000003,Scotland,S12000026,Scottish Borders,88440,64953,64953,73.44,64953.0,64914,37952,26962,39,0,14,0,25,58.47,41.53
208,118,E12000008,South East,E06000039,Slough,87873,54605,54604,62.13,54598.0,54542,24911,29631,56,1,32,2,21,45.67,54.33
375,51,E12000003,Yorkshire and The Humber,E08000018,Rotherham,197623,137478,137474,69.56,137470.0,137387,44115,93272,83,0,30,4,49,32.11,67.89
31,301,E12000006,East,E07000145,Great Yarmouth,72634,50157,50156,69.06,50158.0,50128,14284,35844,30,0,14,7,9,28.5,71.5
228,243,E12000008,South East,E07000087,Fareham,90175,71772,71772,79.59,71772.0,71735,32210,39525,37,0,9,4,24,44.9,55.1
221,218,E12000008,South East,E07000062,Hastings,61957,44390,44387,71.64,44387.0,44350,20011,24339,37,0,12,4,21,45.12,54.88
227,242,E12000008,South East,E07000086,Eastleigh,97280,76148,76148,78.28,76148.0,76074,36172,39902,74,0,29,1,44,47.55,52.45
63,289,E12000004,East Midlands,E07000133,Melton,37273,30322,30322,81.36,30327.0,30305,12695,17610,22,0,9,1,12,41.89,58.11
381,69,E12000003,Yorkshire and The Humber,E08000036,Wakefield,246096,175261,175259,71.17,175155.0,175042,58877,116165,113,0,46,4,63,33.64,66.36
252,331,E12000008,South East,E07000181,West Oxfordshire,82441,65721,65719,79.72,65719.0,65671,35236,30435,48,0,8,1,39,53.66,46.34
161,39,E12000002,North West,E08000006,Salford,173668,109926,109926,63.3,109926.0,109815,47430,62385,111,0,34,4,73,43.19,56.81
278,105,E12000009,South West,E06000029,Poole,113421,85500,85494,75.38,85493.0,85448,35741,49707,45,2,12,0,31,41.83,58.17
60,286,E12000004,East Midlands,E07000130,Charnwood,133780,94265,94258,70.46,94257.0,94172,43500,50672,85,0,47,0,38,46.19,53.81
286,206,E12000009,South West,E07000043,North Devon,75548,58054,58056,76.85,58056.0,58031,24931,33100,25,0,10,1,14,42.96,57.04
206,116,E12000008,South East,E06000037,West Berkshire,116757,93347,93345,79.95,93345.0,93277,48300,44977,68,0,27,4,37,51.78,48.22
326,144,W92000004,Wales,W06000020,Torfaen,68957,48177,48172,69.86,48172.0,48144,19363,28781,28,0,11,2,15,40.22,59.78
351,378,E12000005,West Midlands,E07000237,Worcester,73516,54293,54289,73.85,54290.0,54239,25125,29114,51,7,22,2,20,46.32,53.68
246,271,E12000008,South East,E07000115,Tonbridge and Malling,93019,74070,74066,79.62,74066.0,74021,32792,41229,45,0,15,1,29,44.3,55.7
167,45,E12000002,North West,E08000012,Liverpool,317924,203733,203728,64.08,203728.0,203554,118453,85101,174,0,60,4,110,58.19,41.81
299,236,E12000009,South West,E07000080,Forest of Dean,66705,51679,51678,77.47,51677.0,51643,21392,30251,34,0,17,1,16,41.42,58.58
102,16,E12000007,London,E09000016,Havering,183082,139179,139176,76.02,139175.0,139086,42201,96885,89,1,25,1,62,30.34,69.66
62,288,E12000004,East Midlands,E07000132,Hinckley and Bosworth,85305,65517,65516,76.8,65516.0,65470,25969,39501,46,0,6,0,40,39.67,60.33
162,40,E12000002,North West,E08000007,Stockport,221162,163586,163584,73.97,163584.0,163489,85559,77930,95,0,27,4,64,52.33,47.67
81,321,E12000004,East Midlands,E07000171,Bassetlaw,85547,64006,64005,74.82,64003.0,63967,20575,43392,36,1,10,5,20,32.17,67.83
214,124,E12000008,South East,E06000045,Southampton,158171,107775,107772,68.14,107775.0,107665,49738,57927,110,0,42,25,43,46.2,53.8
190,176,S92000003,Scotland,S12000029,South Lanarkshire,248949,162691,162683,65.35,162683.0,162592,102568,60024,91,0,30,1,60,63.08,36.92
0,108,E12000006,East,E06000031,Peterborough,120892,87474,87469,72.35,87469.0,87392,34176,53216,77,0,32,7,38,39.11,60.89
239,264,E12000008,South East,E07000108,Dover,85011,65057,65057,76.53,65057.0,65016,24606,40410,41,0,10,0,31,37.85,62.15
40,349,E12000006,East,E07000204,St Edmundsbury,81148,62258,62256,76.72,62255.0,62210,26986,35224,45,1,14,0,30,43.38,56.62
87,1,E12000007,London,E09000001,City of London,5987,4405,4405,73.58,4405.0,4399,3312,1087,6,0,2,0,4,75.29,24.71
376,52,E12000003,Yorkshire and The Humber,E08000019,Sheffield,396406,266954,266951,67.34,266951.0,266753,130735,136018,198,0,76,6,116,49.01,50.99
317,135,W92000004,Wales,W06000010,Carmarthenshire,139227,103129,103126,74.07,103126.0,103035,47654,55381,91,0,30,0,61,46.25,53.75
178,162,S92000003,Scotland,S12000014,Falkirk,117392,79304,79302,67.55,79302.0,79258,44987,34271,44,0,7,2,35,56.76,43.24
135,82,E12000002,North West,E06000009,Blackpool,102354,66959,66959,65.42,66959.0,66927,21781,45146,32,0,8,3,21,32.54,67.46
71,297,E12000004,East Midlands,E07000141,South Kesteven,105457,82527,82525,78.25,82523.0,82471,33047,49424,52,0,14,4,34,40.07,59.93
173,155,S92000003,Scotland,S12000006,Dumfries and Galloway,115837,82718,82715,71.41,82715.0,82667,43864,38803,48,0,13,1,34,53.06,46.94
49,90,E12000004,East Midlands,E06000017,Rutland,29390,22989,22986,78.2,22984.0,22966,11353,11613,18,0,9,2,7,49.43,50.57
8,186,E12000006,East,E07000010,Fenland,71447,52653,52649,73.69,52649.0,52626,15055,37571,23,0,10,1,12,28.61,71.39
5,111,E12000006,East,E06000056,Central Bedfordshire,204004,158904,158896,77.89,158894.0,158804,69670,89134,90,0,34,1,55,43.87,56.13
236,261,E12000008,South East,E07000105,Ashford,90516,69828,69828,77.14,69827.0,69786,28314,41472,41,0,13,0,28,40.57,59.43
26,255,E12000006,East,E07000099,North Hertfordshire,99316,77748,77741,78.27,77737.0,77672,42234,35438,65,0,29,1,35,54.37,45.63
126,76,E12000001,North East,E06000057,Northumberland,240496,178830,178815,74.35,178815.0,178721,82022,96699,94,3,30,6,55,45.89,54.11
310,127,W92000004,Wales,W06000002,Gwynedd,84575,61245,61245,72.42,61245.0,61182,35517,25665,63,14,17,2,30,58.05,41.95
93,7,E12000007,London,E09000007,Camden,145425,95288,95282,65.52,95281.0,95133,71295,23838,148,0,54,8,86,74.94,25.06
159,37,E12000002,North West,E08000004,Oldham,158084,107493,107493,68.0,107493.0,107403,42034,65369,90,0,24,2,64,39.14,60.86
12,223,E12000006,East,E07000067,Braintree,112562,86316,86309,76.67,86303.0,86236,33523,52713,67,0,23,0,44,38.87,61.13
329,132,W92000004,Wales,W06000023,Powys,103270,79519,79517,77.0,79515.0,79469,36762,42707,46,0,17,7,22,46.26,53.74
318,136,W92000004,Wales,W06000011,Swansea,172941,120371,120362,69.6,120362.0,120243,58307,61936,119,0,52,3,64,48.49,51.51
54,198,E12000004,East Midlands,E07000035,Derbyshire Dales,57075,46756,46756,81.92,46756.0,46728,22633,24095,28,0,5,0,23,48.44,51.56
111,25,E12000007,London,E09000025,Newham,176985,104869,104861,59.25,104864.0,104699,55328,49371,165,9,87,0,69,52.84,47.16
189,175,S92000003,Scotland,S12000028,South Ayrshire,88116,61542,61542,69.84,61542.0,61506,36265,25241,36,0,14,2,20,58.96,41.04
270,374,E12000008,South East,E07000229,Worthing,81384,61420,61416,75.46,61416.0,61366,28851,32515,50,0,11,1,38,47.01,52.99
55,199,E12000004,East Midlands,E07000036,Erewash,87596,66566,66566,75.99,66566.0,66530,25791,40739,36,0,15,1,20,38.77,61.23
155,284,E12000002,North West,E07000128,Wyre,84471,63031,63028,74.61,63028.0,62979,22816,40163,49,3,19,8,19,36.23,63.77
23,251,E12000006,East,E07000095,Broxbourne,68997,50915,50907,73.78,50907.0,50872,17166,33706,35,0,14,0,21,33.74,66.26
342,344,E12000005,West Midlands,E07000199,Tamworth,56825,42152,42151,74.18,42151.0,42129,13705,28424,22,0,12,0,10,32.53,67.47
250,329,E12000008,South East,E07000179,South Oxfordshire,104231,84167,84167,80.75,84167.0,84110,46245,37865,57,0,18,0,39,54.98,45.02
47,88,E12000004,East Midlands,E06000015,Derby,171246,120807,120798,70.53,120772.0,120655,51612,69043,117,0,41,10,66,42.78,57.22
224,221,E12000008,South East,E07000065,Wealden,121141,96966,96958,80.03,96944.0,96892,44084,52808,52,1,16,0,35,45.5,54.5
94,8,E12000007,London,E09000008,Croydon,245349,171295,171292,69.81,171289.0,171134,92913,78221,155,0,73,5,77,54.29,45.71
